repere;reference_complete;reference_courte;url;consulte_le;a_verifier
CEDH;Convention de sauvegarde des droits de l’homme et des libertés fondamentales, signée à Rome le 4 novembre 1950;Convention européenne des droits de l’homme;;;
CAT;Convention contre la torture et autres peines ou traitements cruels, inhumains ou dégradants, adoptée à New York le 10 décembre 1984;Convention contre la torture;;;
TRAITE-CAT;ONU, Collection des Traités, état des traités, Convention contre la torture et autres peines ou traitements cruels, inhumains ou dégradants;ONU, Collection des Traités, état des traités, Convention contre la torture;https://treaties.un.org/Pages/ViewDetails.aspx?src=TREATY&mtdsg_no=IV-9&chapter=4&clang=_fr;26 septembre 2026;
GENEVE;Convention relative au statut des réfugiés, signée à Genève le 28 juillet 1951;Convention relative au statut des réfugiés;;;
PIDCP;Pacte international relatif aux droits civils et politiques, adopté à New York le 16 décembre 1966;Pacte international relatif aux droits civils et politiques;;;
CIDE;Convention relative aux droits de l’enfant, adoptée à New York le 20 novembre 1989;Convention relative aux droits de l’enfant;;;
CONSTITUTION;Constitution belge;Constitution belge;;;
LOI1980;Loi du 15 décembre 1980 sur l’accès au territoire, le séjour, l’établissement et l’éloignement des étrangers, M.B., 31 décembre 1980;Loi du 15 décembre 1980;;;oui (modifiée par la loi du 16 juin 2026)
REG2024-1347;Règlement (UE) 2024/1347 du Parlement européen et du Conseil du 14 mai 2024 concernant les normes relatives aux conditions que doivent remplir les ressortissants des pays tiers ou les apatrides pour pouvoir bénéficier d’une protection internationale, à un statut uniforme pour les réfugiés ou les personnes pouvant bénéficier de la protection subsidiaire et au contenu de cette protection, modifiant la directive 2003/109/CE du Conseil et abrogeant la directive 2011/95/UE du Parlement européen et du Conseil, J.O.U.E., L, 2024/1347, 22 mai 2024;Règlement (UE) 2024/1347;;;applicable depuis le 12 juin 2026
DIR2011-95;Directive 2011/95/UE du Parlement européen et du Conseil du 13 décembre 2011 concernant les normes relatives aux conditions que doivent remplir les ressortissants des pays tiers ou les apatrides pour pouvoir bénéficier d’une protection internationale, à un statut uniforme pour les réfugiés ou les personnes pouvant bénéficier de la protection subsidiaire, et au contenu de cette protection (refonte), J.O.U.E., L 337, 20 décembre 2011;Directive 2011/95/UE;;;
HCR-GUIDE;HCR, Guide des procédures et critères à appliquer pour déterminer le statut des réfugiés au regard de la Convention de 1951 et du Protocole de 1967 relatifs au statut des réfugiés, 1979, réédité en janvier 1992, HCR/1P/4/FRE/REV.1;HCR, Guide des procédures et critères;;;
GICQUEL;H. Gicquel, « Commentaire de l’article 33 », in Commentaire de la Convention de Genève relative au statut des réfugiés, Université de Bordeaux, mars 2016;H. Gicquel, « Commentaire de l’article 33 »;https://conventiondegeneve.refugies.u-bordeaux.fr/commentaires/article-33/;26 septembre 2026;
HCR-EXCOM6;HCR, Comité exécutif, Conclusion n° 6 (XXVIII) sur le non-refoulement, 1977;HCR, Comité exécutif, Conclusion n° 6 (XXVIII);;;
HCR-AVIS2007;HCR, Avis consultatif sur l’application extraterritoriale des obligations de non-refoulement en vertu de la Convention de 1951 relative au statut des réfugiés et de son Protocole de 1967, 26 janvier 2007;HCR, Avis consultatif sur l’application extraterritoriale des obligations de non-refoulement;;;
FRA2020;Agence des droits fondamentaux de l’Union européenne et Conseil de l’Europe, Droits fondamentaux des réfugiés, des demandeurs d’asile et des migrants aux frontières européennes, 2020;Agence des droits fondamentaux de l’Union européenne et Conseil de l’Europe, Droits fondamentaux des réfugiés, des demandeurs d’asile et des migrants aux frontières européennes;https://fra.europa.eu/sites/default/files/fra_uploads/fra-coe-2020-european-law-land-borders_fr.pdf;26 septembre 2026;
CJUE-M;C.J.U.E. (Gde Ch.), arrêt M c. Ministerstvo vnitra et X et X c. Commissaire général aux réfugiés et aux apatrides, 14 mai 2019, aff. jointes C-391/16, C-77/17 et C-78/17;C.J.U.E. (Gde Ch.), arrêt M c. Ministerstvo vnitra et X et X c. Commissaire général aux réfugiés et aux apatrides;;;
SOERING;Cour eur. D.H., arrêt Soering c. Royaume-Uni, 7 juillet 1989;Cour eur. D.H., arrêt Soering c. Royaume-Uni;;;
X-SUEDE-2018;Cour eur. D.H., arrêt X. c. Suède, 9 janvier 2018;Cour eur. D.H., arrêt X. c. Suède;;;
X-PAYSBAS-2018;Cour eur. D.H., arrêt X. c. Pays-Bas, 10 juillet 2018;Cour eur. D.H., arrêt X. c. Pays-Bas;;;
HLR;Cour eur. D.H., arrêt H.L.R. c. France, 29 avril 1997;Cour eur. D.H., arrêt H.L.R. c. France;;;
MSS;Cour eur. D.H. (Gde Ch.), arrêt M.S.S. c. Belgique et Grèce, 21 janvier 2011;Cour eur. D.H. (Gde Ch.), arrêt M.S.S. c. Belgique et Grèce;;;
PAPOSHVILI;Cour eur. D.H. (Gde Ch.), arrêt Paposhvili c. Belgique, 13 décembre 2016, req. n° 41738/10;Cour eur. D.H. (Gde Ch.), arrêt Paposhvili c. Belgique;;;
CCE-212381;C.C.E., affaire X / CR, 16 novembre 2018, n° 212 381;C.C.E., 16 novembre 2018, n° 212 381;;;
CCE-241336;C.C.E., 23 septembre 2020, n° 241 336;C.C.E., 23 septembre 2020, n° 241 336;;;oui (repris d’un dossier de 2021)
CE-228778;C.E., 16 octobre 2014, n° 228.778;C.E., 16 octobre 2014, n° 228.778;;;oui (repris d’un dossier de 2021)
CASS-P150762F;Cass., 24 juin 2015, P.15.0762.F, ECLI:BE:CASS:2015:ARR.20150624.6;Cass., 24 juin 2015, P.15.0762.F;;;oui (repris d’un dossier de 2021)
CCE-135035;C.C.E., 12 décembre 2014, n° 135 035;C.C.E., 12 décembre 2014, n° 135 035;;;
CCE-135037;C.C.E., 12 décembre 2014, n° 135 037;C.C.E., 12 décembre 2014, n° 135 037;;;
CCE-135038;C.C.E., 12 décembre 2014, n° 135 038;C.C.E., 12 décembre 2014, n° 135 038;;;
CCE-135039;C.C.E., 12 décembre 2014, n° 135 039;C.C.E., 12 décembre 2014, n° 135 039;;;
CCE-135041;C.C.E., 12 décembre 2014, n° 135 041;C.C.E., 12 décembre 2014, n° 135 041;;;
CCE-248197;C.C.E., 26 janvier 2021, n° 248 197;C.C.E., 26 janvier 2021, n° 248 197;;;
CCE-248703;C.C.E., 4 février 2021, n° 248 703;C.C.E., 4 février 2021, n° 248 703;;;
CCE-253813;C.C.E., 30 avril 2021, n° 253 813;C.C.E., 30 avril 2021, n° 253 813;;;
CCE-84888;C.C.E., 19 juillet 2012, n° 84 888;C.C.E., 19 juillet 2012, n° 84 888;;;
CCE-117951;C.C.E., 30 janvier 2014, n° 117 951;C.C.E., 30 janvier 2014, n° 117 951;;;
CCE-146669;C.C.E., 29 mai 2015, n° 146 669;C.C.E., 29 mai 2015, n° 146 669;;;
CCE-246745;C.C.E., 23 décembre 2020, n° 246 745;C.C.E., 23 décembre 2020, n° 246 745;;;
CCE-253811;C.C.E., 30 avril 2021, n° 253 811;C.C.E., 30 avril 2021, n° 253 811;;;
DOCPARL-51-2478;Doc. parl., Ch. repr., sess. ord. 2005-2006, n° 51-2478/1;Doc. parl., Ch. repr., n° 51-2478/1;;;
CCE-162147;C.C.E., 16 février 2016, n° 162 147;C.C.E., 16 février 2016, n° 162 147;;;
CCE-82194;C.C.E., 31 mai 2012, n° 82 194;C.C.E., 31 mai 2012, n° 82 194;;;
CCE-158676;C.C.E., 16 décembre 2015, n° 158 676;C.C.E., 16 décembre 2015, n° 158 676;;;
CCE-82230;C.C.E., 31 mai 2012, n° 82 230;C.C.E., 31 mai 2012, n° 82 230;;;
CCE-49781;C.C.E., 19 octobre 2010, n° 49 781;C.C.E., 19 octobre 2010, n° 49 781;;;
CCE-121938;C.C.E., 31 mars 2014, n° 121 938;C.C.E., 31 mars 2014, n° 121 938;;;
PIDESC;Pacte international relatif aux droits économiques, sociaux et culturels, adopté à New York le 16 décembre 1966;Pacte international relatif aux droits économiques, sociaux et culturels;;;
LOI2026;Loi du 16 juin 2026 modifiant la loi du 15 décembre 1980 sur l’accès au territoire, le séjour, l’établissement et l’éloignement des étrangers en vue de la mise en œuvre du Pacte sur la migration et l’asile de l’Union européenne, M.B., 19 juin 2026, 2e éd.;Loi du 16 juin 2026;;;
BODART-1995;S. Bodart, « Les réfugiés apolitiques : guerre civile et persécution de groupe au regard de la Convention de Genève », International Journal of Refugee Law, vol. 7, n° 1, 1995;S. Bodart, « Les réfugiés apolitiques : guerre civile et persécution de groupe au regard de la Convention de Genève »;;;
CCE-215858;C.C.E., 28 janvier 2019, n° 215 858;C.C.E., 28 janvier 2019, n° 215 858;;;
CCE-217591;C.C.E., 27 février 2019, n° 217 591;C.C.E., 27 février 2019, n° 217 591;;;
TRAITE-PIDCP;ONU, Collection des Traités, état des traités, Pacte international relatif aux droits civils et politiques;ONU, Collection des Traités, état des traités, Pacte international relatif aux droits civils et politiques;https://treaties.un.org/Pages/ViewDetails.aspx?src=TREATY&mtdsg_no=IV-4&chapter=4&clang=_fr;22 septembre 2026;
VIENNE1969;Convention de Vienne sur le droit des traités du 23 mai 1969;Convention de Vienne sur le droit des traités;;;
TRAITE-VIENNE;ONU, Collection des Traités, état des traités, Convention de Vienne sur le droit des traités de 1969;ONU, Collection des Traités, état des traités, Convention de Vienne sur le droit des traités;https://treaties.un.org/Pages/ViewDetailsIII.aspx?src=TREATY&mtdsg_no=XXIII-1&chapter=23&Temp=mtdsg3&clang=_fr;22 septembre 2026;
CIJ-CAMEROUN-NIGERIA;"C.I.J., Frontière terrestre et maritime entre le Cameroun et le Nigéria (Cameroun c. Nigéria ; Guinée équatoriale (intervenant)), arrêt, C.I.J. Recueil 2002";C.I.J., Frontière terrestre et maritime entre le Cameroun et le Nigéria;;;
CIJ-NICARAGUA;C.I.J., Activités militaires et paramilitaires au Nicaragua et contre celui-ci (Nicaragua c. États-Unis d’Amérique), fond, arrêt, C.I.J. Recueil 1986;C.I.J., Activités militaires et paramilitaires au Nicaragua et contre celui-ci;;;
SHATZKY-1933;B. Shatzky, « Portée des réserves dans le droit international », Revue de droit international et de législation comparée, vol. 14, n° 2, 1933;B. Shatzky, « Portée des réserves dans le droit international »;;;
MEEK-1955;M. R. Meek, « International Law: Reservations to Multilateral Agreements », DePaul Law Review, vol. 5, 1955;M. R. Meek, « International Law: Reservations to Multilateral Agreements »;https://via.library.depaul.edu/law-review/vol5/iss1/4;7 avril 2019;
MCRAE-1978;D. M. McRae, « The Legal Effect of Interpretative Declarations », British Yearbook of International Law, vol. 49, n° 1, 1978;D. M. McRae, « The Legal Effect of Interpretative Declarations »;;;
HCDH-ETAT-RAPPORTS;ONU, Haut-Commissariat des Nations Unies aux droits de l’homme, base de données des organes de traités, état des rapports;ONU, Haut-Commissariat des Nations Unies aux droits de l’homme, état des rapports;https://tbinternet.ohchr.org/_layouts/15/TreatyBodyExternal/Countries.aspx?Lang=fr;;complétez l’adresse de la page du pays et la date de consultation
JABARI;Cour eur. D.H., arrêt Jabari c. Turquie, 11 juillet 2000, req. n° 40035/98;Cour eur. D.H., arrêt Jabari c. Turquie;;;
HCR-EXCOM15;HCR, Comité exécutif, Conclusion n° 15 (XXX) sur les réfugiés sans pays d’asile, 1979;HCR, Comité exécutif, Conclusion n° 15 (XXX);;;
CCE-273434;C.C.E., 30 mai 2022, n° 273 434;C.C.E., 30 mai 2022, n° 273 434;https://www.rvv-cce.be/sites/default/files/arr/a273434.an_.pdf;28 septembre 2026;
TFUE;Traité sur le fonctionnement de l’Union européenne (version consolidée), J.O.U.E., C 202, 7 juin 2016;Traité sur le fonctionnement de l’Union européenne;;;
REG2024-1348;Règlement (UE) 2024/1348 du Parlement européen et du Conseil du 14 mai 2024 instituant une procédure commune en matière de protection internationale dans l’Union et abrogeant la directive 2013/32/UE, J.O.U.E., L, 2024/1348, 22 mai 2024;Règlement (UE) 2024/1348;;;applicable depuis le 12 juin 2026
GILBERT-KOSER-2006;A. Gilbert et K. Koser, « Coming to the UK: What do Asylum-Seekers Know About the UK before Arrival? », Journal of Ethnic and Migration Studies, vol. 32, n° 7, 2006, pp. 1209-1225;A. Gilbert et K. Koser, « Coming to the UK »;;;
HOMEOFFICE-2025;Royaume-Uni, Home Office, Asylum seeker decision-making in journeys to the United Kingdom (2022), rapport de recherche, 22 mai 2025;Home Office, Asylum seeker decision-making in journeys to the United Kingdom (2022);https://www.gov.uk/government/publications/asylum-seeker-decision-making-in-journeys-to-the-united-kingdom-2022/asylum-seeker-decision-making-in-journeys-to-the-united-kingdom-2022;28 septembre 2026;
KENDALL-2022;F. Kendall, « ‘Catch-22’? The Assessment of Credibility in UK Asylum Applications », New Sociological Perspectives, vol. 2, n° 1, 2022;F. Kendall, « ‘Catch-22’? »;https://nsp.lse.ac.uk/articles/87;28 septembre 2026;
BOGNER-2007;D. Bögner, J. Herlihy et C. R. Brewin, « Impact of sexual violence on disclosure during Home Office interviews », British Journal of Psychiatry, vol. 191, n° 1, 2007, pp. 75-81;D. Bögner, J. Herlihy et C. R. Brewin, « Impact of sexual violence on disclosure during Home Office interviews »;;;
CJUE-ABC;C.J.U.E. (Gde Ch.), arrêt A, B et C c. Staatssecretaris van Veiligheid en Justitie, 2 décembre 2014, aff. jointes C-148/13 à C-150/13;C.J.U.E. (Gde Ch.), arrêt A, B et C;;;
DSM5;American Psychiatric Association, DSM-5. Manuel diagnostique et statistique des troubles mentaux, 5e éd., trad. française coord. par M.-A. Crocq et J.-D. Guelfi, Issy-les-Moulineaux, Elsevier Masson, 2015;American Psychiatric Association, DSM-5;;;
HCR-BEYOND-PROOF;HCR, Beyond Proof. Credibility Assessment in EU Asylum Systems, Bruxelles, mai 2013 (projet cofinancé par le Fonds européen pour les réfugiés);HCR, Beyond Proof;;;
NIRAGHALLAIGH-2014;M. Ní Raghallaigh, « The Causes of Mistrust amongst Asylum Seekers and Refugees: Insights from Research with Unaccompanied Asylum-Seeking Minors Living in the Republic of Ireland », Journal of Refugee Studies, vol. 27, n° 1, 2014 (publié en ligne le 19 juin 2013), pp. 82-100;M. Ní Raghallaigh, « The Causes of Mistrust amongst Asylum Seekers and Refugees »;https://doi.org/10.1093/jrs/fet006;28 septembre 2026;
HYNES-2003;T. Hynes, « The issue of ‘trust’ or ‘mistrust’ in research with refugees: choices, caveats and considerations for researchers », HCR, New Issues in Refugee Research, Working Paper n° 98, novembre 2003;T. Hynes, « The issue of ‘trust’ or ‘mistrust’ in research with refugees »;https://www.refworld.org/reference/research/unhcr/2003/en/87276;28 septembre 2026;
