Traité;Date de signature;Date de ratification, adhésion(a), succession(d)
CAT - Convention contre la torture;23 oct. 1985;28 oct. 1998
CCPR - Pacte international relatif aux droits civils et politiques;;23 févr. 2006 (a)

Traité;Acceptation des procédures de plaintes individuelles;Date d'acceptation
CAT, Art.22 - Procédure de plaintes individuelles au titre de la Convention contre la torture;Non;
CCPR-OP1 - Procédure de plaintes individuelles au titre du Protocole facultatif;Non;
CERD, Art.14 - Procédure de plaintes individuelles;Non;
CMW, Art.77 - Procédure de plaintes individuelles;Non;

Traité;Acceptation de la procédure d'enquête;
CAT, Art.20 - Procédure d'enquête au titre de la Convention contre la torture;Oui;

Traité;Communications interétatiques;
CAT, Art.21 - Communications interétatiques;Non;
