Traité;Signature / ratification / adhésion;Réserves ou déclarations;Texte;Source;Liste;Consulté le
Pacte international relatif aux droits civils et politiques;"Signature : — ; Ratification, Accession(a), Succession(d) : 23 Feb 2006 a";oui;;https://treaties.un.org/Pages/ViewDetails.aspx?src=TREATY&mtdsg_no=IV-4&chapter=4&clang=_fr;liste;27 septembre 2026
Protocole facultatif se rapportant au PIDCP (plaintes individuelles);"Signature : — ; Ratification, Accession(a), Succession(d) : —";;;https://treaties.un.org/Pages/ViewDetails.aspx?src=TREATY&mtdsg_no=IV-5&chapter=4&clang=_fr;liste;27 septembre 2026
Deuxième Protocole facultatif se rapportant au PIDCP (abolition de la peine de mort);non partie (ou pays introuvable dans le tableau : à vérifier);;;https://treaties.un.org/Pages/ViewDetails.aspx?src=TREATY&mtdsg_no=IV-12&chapter=4&clang=_fr;liste;27 septembre 2026
Pacte international relatif aux droits économiques, sociaux et culturels;"Signature : — ; Ratification, Accession(a), Succession(d) : 23 Feb 2006 a";oui;;https://treaties.un.org/Pages/ViewDetails.aspx?src=TREATY&mtdsg_no=IV-3&chapter=4&clang=_fr;liste;27 septembre 2026
Protocole facultatif se rapportant au PIDESC;non partie (ou pays introuvable dans le tableau : à vérifier);;;https://treaties.un.org/Pages/ViewDetails.aspx?src=TREATY&mtdsg_no=IV-3-a&chapter=4&clang=_fr;liste;27 septembre 2026
Convention contre la torture;"Signature : 23 Oct 1985 ; Ratification, Accession(a), Succession(d) : 28 Oct 1998";oui;;https://treaties.un.org/Pages/ViewDetails.aspx?src=TREATY&mtdsg_no=IV-9&chapter=4&clang=_fr;liste;27 septembre 2026
Protocole facultatif se rapportant à la Convention contre la torture;non partie (ou pays introuvable dans le tableau : à vérifier);;;https://treaties.un.org/Pages/ViewDetails.aspx?src=TREATY&mtdsg_no=IV-9-b&chapter=4&clang=_fr;liste;27 septembre 2026
Convention sur l’élimination de toutes les formes de discrimination à l’égard des femmes;"Signature : 29 Jul 1980 ; Ratification, Accession(a), Succession(d) : 13 Sep 1984";oui;;https://treaties.un.org/Pages/ViewDetails.aspx?src=TREATY&mtdsg_no=IV-8&chapter=4&clang=_fr;liste;27 septembre 2026
Protocole facultatif à la CEDAW;"Signature : 28 Feb 2000 ; Ratification, Accession(a), Succession(d) : —";;;https://treaties.un.org/Pages/ViewDetails.aspx?src=TREATY&mtdsg_no=IV-8-b&chapter=4&clang=_fr;liste;27 septembre 2026
Convention relative aux droits de l’enfant;"Signature : 26 Jan 1990 ; Ratification, Accession(a), Succession(d) : 5 Sep 1990";oui;;https://treaties.un.org/Pages/ViewDetails.aspx?src=TREATY&mtdsg_no=IV-11&chapter=4&clang=_fr;liste;27 septembre 2026
Convention internationale sur l’élimination de toutes les formes de discrimination raciale;"Signature : — ; Ratification, Accession(a), Succession(d) : 25 Jun 1999 a";oui;;https://treaties.un.org/Pages/ViewDetails.aspx?src=TREATY&mtdsg_no=IV-2&chapter=4&clang=_fr;liste;27 septembre 2026
Convention internationale sur la protection des droits de tous les travailleurs migrants;"Signature : 22 Sep 2004 ; Ratification, Accession(a), Succession(d) : 31 May 2012";oui;;https://treaties.un.org/Pages/ViewDetails.aspx?src=TREATY&mtdsg_no=IV-13&chapter=4&clang=_fr;liste;27 septembre 2026
Convention internationale pour la protection de toutes les personnes contre les disparitions forcées;"Signature : 27 Sep 2010 ; Ratification, Accession(a), Succession(d) : —";;;https://treaties.un.org/Pages/ViewDetails.aspx?src=TREATY&mtdsg_no=IV-16&chapter=4&clang=_fr;liste;27 septembre 2026
Convention relative au statut des réfugiés;non partie (ou pays introuvable dans le tableau : à vérifier);;;https://treaties.un.org/Pages/ViewDetails.aspx?src=TREATY&mtdsg_no=V-2&chapter=4&clang=_fr;liste;27 septembre 2026
Statut de Rome de la Cour pénale internationale;non partie (ou pays introuvable dans le tableau : à vérifier);;;https://treaties.un.org/Pages/ViewDetails.aspx?src=TREATY&mtdsg_no=XVIII-10&chapter=4&clang=_fr;liste;27 septembre 2026
