id;categorie;auteur;titre;cote;date;url;consulte_le;fichier;langue;annexe;remarques;citation;articles
TRAITE-IV-4;Ratifications;ONU, Collection des Traités, état des traités;Pacte international relatif aux droits civils et politiques;IV-4;;https://treaties.un.org/Pages/ViewDetails.aspx?src=TREATY&mtdsg_no=IV-4&chapter=4&clang=_fr;27 septembre 2026;;;;;;
TRAITE-IV-5;Ratifications;ONU, Collection des Traités, état des traités;Protocole facultatif se rapportant au PIDCP (plaintes individuelles);IV-5;;https://treaties.un.org/Pages/ViewDetails.aspx?src=TREATY&mtdsg_no=IV-5&chapter=4&clang=_fr;27 septembre 2026;;;;;;
TRAITE-IV-12;Ratifications;ONU, Collection des Traités, état des traités;Deuxième Protocole facultatif se rapportant au PIDCP (abolition de la peine de mort);IV-12;;https://treaties.un.org/Pages/ViewDetails.aspx?src=TREATY&mtdsg_no=IV-12&chapter=4&clang=_fr;27 septembre 2026;;;;;;
TRAITE-IV-3;Ratifications;ONU, Collection des Traités, état des traités;Pacte international relatif aux droits économiques, sociaux et culturels;IV-3;;https://treaties.un.org/Pages/ViewDetails.aspx?src=TREATY&mtdsg_no=IV-3&chapter=4&clang=_fr;27 septembre 2026;;;;;;
TRAITE-IV-3-a;Ratifications;ONU, Collection des Traités, état des traités;Protocole facultatif se rapportant au PIDESC;IV-3-a;;https://treaties.un.org/Pages/ViewDetails.aspx?src=TREATY&mtdsg_no=IV-3-a&chapter=4&clang=_fr;27 septembre 2026;;;;;;
TRAITE-IV-9;Ratifications;ONU, Collection des Traités, état des traités;Convention contre la torture;IV-9;;https://treaties.un.org/Pages/ViewDetails.aspx?src=TREATY&mtdsg_no=IV-9&chapter=4&clang=_fr;27 septembre 2026;;;;;;
TRAITE-IV-9-b;Ratifications;ONU, Collection des Traités, état des traités;Protocole facultatif se rapportant à la Convention contre la torture;IV-9-b;;https://treaties.un.org/Pages/ViewDetails.aspx?src=TREATY&mtdsg_no=IV-9-b&chapter=4&clang=_fr;27 septembre 2026;;;;;;
TRAITE-IV-8;Ratifications;ONU, Collection des Traités, état des traités;Convention sur l’élimination de toutes les formes de discrimination à l’égard des femmes;IV-8;;https://treaties.un.org/Pages/ViewDetails.aspx?src=TREATY&mtdsg_no=IV-8&chapter=4&clang=_fr;27 septembre 2026;;;;;;
TRAITE-IV-8-b;Ratifications;ONU, Collection des Traités, état des traités;Protocole facultatif à la CEDAW;IV-8-b;;https://treaties.un.org/Pages/ViewDetails.aspx?src=TREATY&mtdsg_no=IV-8-b&chapter=4&clang=_fr;27 septembre 2026;;;;;;
TRAITE-IV-11;Ratifications;ONU, Collection des Traités, état des traités;Convention relative aux droits de l’enfant;IV-11;;https://treaties.un.org/Pages/ViewDetails.aspx?src=TREATY&mtdsg_no=IV-11&chapter=4&clang=_fr;27 septembre 2026;;;;;;
TRAITE-IV-2;Ratifications;ONU, Collection des Traités, état des traités;Convention internationale sur l’élimination de toutes les formes de discrimination raciale;IV-2;;https://treaties.un.org/Pages/ViewDetails.aspx?src=TREATY&mtdsg_no=IV-2&chapter=4&clang=_fr;27 septembre 2026;;;;;;
TRAITE-IV-13;Ratifications;ONU, Collection des Traités, état des traités;Convention internationale sur la protection des droits de tous les travailleurs migrants;IV-13;;https://treaties.un.org/Pages/ViewDetails.aspx?src=TREATY&mtdsg_no=IV-13&chapter=4&clang=_fr;27 septembre 2026;;;;;;
TRAITE-IV-16;Ratifications;ONU, Collection des Traités, état des traités;Convention internationale pour la protection de toutes les personnes contre les disparitions forcées;IV-16;;https://treaties.un.org/Pages/ViewDetails.aspx?src=TREATY&mtdsg_no=IV-16&chapter=4&clang=_fr;27 septembre 2026;;;;;;
TRAITE-V-2;Ratifications;ONU, Collection des Traités, état des traités;Convention relative au statut des réfugiés;V-2;;https://treaties.un.org/Pages/ViewDetails.aspx?src=TREATY&mtdsg_no=V-2&chapter=4&clang=_fr;27 septembre 2026;;;;;;
TRAITE-XVIII-10;Ratifications;ONU, Collection des Traités, état des traités;Statut de Rome de la Cour pénale internationale;XVIII-10;;https://treaties.un.org/Pages/ViewDetails.aspx?src=TREATY&mtdsg_no=XVIII-10&chapter=4&clang=_fr;27 septembre 2026;;;;;;
HCDH-PROCEDURES;Ratifications;ONU, Haut-Commissariat des Nations Unies aux droits de l’homme;état des ratifications et acceptation des procédures de plaintes et d’enquête;;;https://tbinternet.ohchr.org/x;27 septembre 2026;;;;;;
ONU-ETAT-RAPPORTS;Organes de traités;ONU, Haut-Commissariat des Nations Unies aux droits de l’homme;état des rapports;;;https://tbinternet.ohchr.org/_layouts/15/TreatyBodyExternal/Countries.aspx?CountryCode=IDN&Lang=FR;27 septembre 2026;;;;;;
ONU-CCPR/C/IDN/CO/1;Organes de traités;ONU, Comité des droits de l’homme;observations finales concernant le rapport initial de l’Indonésie;CCPR/C/IDN/CO/1;21 août 2013;https://docs.un.org/fr/CCPR/C/IDN/CO/1;27 septembre 2026;;;;;;
ONU-CCPR/C/IDN/CO/2;Organes de traités;ONU, Comité des droits de l’homme;observations finales concernant le deuxième rapport périodique de l’Indonésie;CCPR/C/IDN/CO/2;3 mai 2024;https://docs.un.org/fr/CCPR/C/IDN/CO/2;27 septembre 2026;;;;;;
ONU-CCPR/C/IDN/CO/1/Add.1;Organes de traités;ONU, Comité des droits de l’homme;réponse de l’Indonésie;CCPR/C/IDN/CO/1/Add.1;5 octobre 2015;https://docs.un.org/fr/CCPR/C/IDN/CO/1/Add.1;27 septembre 2026;;;;;;
ONU-INT/CCPR/FUL/IDN/21848;Organes de traités;ONU, Comité des droits de l’homme;courrier de suivi du Comité;INT/CCPR/FUL/IDN/21848;12 mai 2016;;;;;;;;
ONU-INT/CCPR/FUL/IDN/27205;Organes de traités;ONU, Comité des droits de l’homme;courrier de suivi du Comité;INT/CCPR/FUL/IDN/27205;18 avril 2017;;;;;;;;
ONU-CAT/C/IDN/CO/2;Organes de traités;ONU, Comité contre la torture;observations finales concernant le deuxième rapport périodique de l’Indonésie;CAT/C/IDN/CO/2;2 juillet 2008;https://docs.un.org/fr/CAT/C/IDN/CO/2;27 septembre 2026;;;;;;
